Image Resize,Epochs,Train Accuracy,Test Accuracy,Dataset use,Model type
224x224,16,75.0,,,
64*64,8,98.2608695652174,65.51724137931035,Train,resnet18
224*224,16,99.71014492753623,57.75862068965517,Train,Team model
224*224,16,99.73821989528795,63.33333333333333,Train,Team model
224*224,20,99.73821989528795,65.0,Train,Team model
64*64,16,98.55072463768116,68.10344827586206,Train,resnet18
64*64,32,99.42028985507248,71.55172413793103,Train,resnet18
64*64,75,99.71014492753623,65.51724137931035,Train,resnet18
